puzzle_number,accuracy,timestamp_iso,timestamp_unix
Clean data start,n/a,2026-02-17T14:23:40.366804+00:00Z,1771338220.3668044
Clean data end,n/a,2026-02-17T14:26:40.370524+00:00Z,1771338400.3705244
Chess trial start,n/a,2026-02-17T14:28:30.266532+00:00Z,1771338510.2665322
1,1,2026-02-17T14:29:01.813101+00:00Z,1771338541.8131013
2,1,2026-02-17T14:30:17.580672+00:00Z,1771338617.5806723
3,1,2026-02-17T14:31:32.502783+00:00Z,1771338692.5027838
4,1,2026-02-17T14:33:31.320020+00:00Z,1771338811.3200204
5,1,2026-02-17T14:34:28.618889+00:00Z,1771338868.6203034
6,1,2026-02-17T14:35:01.982245+00:00Z,1771338901.9837348
7,1,2026-02-17T14:35:51.825817+00:00Z,1771338951.8258176
8,1,2026-02-17T14:36:09.361497+00:00Z,1771338969.3614972
9,1,2026-02-17T14:37:03.344498+00:00Z,1771339023.344498
10,1,2026-02-17T14:37:40.014730+00:00Z,1771339060.0147307
11,1,2026-02-17T14:37:53.758664+00:00Z,1771339073.7586646
12,1,2026-02-17T14:38:12.937368+00:00Z,1771339092.9373682
13,0,2026-02-17T14:39:12.391656+00:00Z,1771339152.3916562
14,1,2026-02-17T14:39:43.971374+00:00Z,1771339183.971374
15,0,2026-02-17T14:40:27.326746+00:00Z,1771339227.3267462
16,1,2026-02-17T14:41:33.345873+00:00Z,1771339293.3458736
17,0,2026-02-17T14:42:53.457894+00:00Z,1771339373.4578943
18,0,2026-02-17T14:43:38.399607+00:00Z,1771339418.3996072
19,1,2026-02-17T14:44:33.697123+00:00Z,1771339473.6971235
20,1,2026-02-17T14:45:28.144592+00:00Z,1771339528.144592
21,0,2026-02-17T14:45:57.924577+00:00Z,1771339557.9245772
22,0,2026-02-17T14:46:52.916699+00:00Z,1771339612.9167
23,0,2026-02-17T14:47:35.772719+00:00Z,1771339655.7727196
